Time,RLS_Output,RLS_Error
0.000000000000000000e+00,0.000000000000000000e+00,0.000000000000000000e+00
1.001001001001000992e-03,0.000000000000000000e+00,0.000000000000000000e+00
2.002002002002001985e-03,0.000000000000000000e+00,0.000000000000000000e+00
3.003003003003002977e-03,0.000000000000000000e+00,0.000000000000000000e+00
4.004004004004003969e-03,0.000000000000000000e+00,0.000000000000000000e+00
5.005005005005004962e-03,0.000000000000000000e+00,0.000000000000000000e+00
6.006006006006005954e-03,0.000000000000000000e+00,0.000000000000000000e+00
7.007007007007006946e-03,0.000000000000000000e+00,0.000000000000000000e+00
8.008008008008007939e-03,0.000000000000000000e+00,0.000000000000000000e+00
9.009009009009008931e-03,0.000000000000000000e+00,0.000000000000000000e+00
1.001001001001000992e-02,0.000000000000000000e+00,0.000000000000000000e+00
1.101101101101101092e-02,0.000000000000000000e+00,0.000000000000000000e+00
1.201201201201201191e-02,0.000000000000000000e+00,0.000000000000000000e+00
1.301301301301301290e-02,0.000000000000000000e+00,0.000000000000000000e+00
1.401401401401401389e-02,0.000000000000000000e+00,0.000000000000000000e+00
1.501501501501501488e-02,0.000000000000000000e+00,0.000000000000000000e+00
1.601601601601601588e-02,0.000000000000000000e+00,0.000000000000000000e+00
1.701701701701701513e-02,0.000000000000000000e+00,0.000000000000000000e+00
1.801801801801801786e-02,0.000000000000000000e+00,0.000000000000000000e+00
1.901901901901902059e-02,0.000000000000000000e+00,0.000000000000000000e+00
2.002002002002001985e-02,0.000000000000000000e+00,0.000000000000000000e+00
2.102102102102101910e-02,0.000000000000000000e+00,0.000000000000000000e+00
2.202202202202202183e-02,0.000000000000000000e+00,0.000000000000000000e+00
2.302302302302302456e-02,0.000000000000000000e+00,0.000000000000000000e+00
2.402402402402402382e-02,0.000000000000000000e+00,0.000000000000000000e+00
2.502502502502502307e-02,0.000000000000000000e+00,7.076624788865043536e-01
2.602602602602602580e-02,6.683539508383126160e-01,6.117414028387579972e-02
2.702702702702702853e-02,7.323231309574141923e-01,1.834917429531013333e-02
2.802802802802802778e-02,7.839920869131266068e-01,-1.291787421440193651e-02
2.902902902902902704e-02,8.205959204946771113e-01,-2.988228157958339182e-02
3.003003003003002977e-02,8.523110058158362978e-01,-4.273984247509232670e-02
3.103103103103103250e-02,8.775437059574828780e-01,-4.991556735475166651e-02
3.203203203203203175e-02,8.951803869293792904e-01,-5.031367797356156579e-02
3.303303303303303101e-02,8.914313671333401468e-01,-3.016153919410935469e-02
3.403403403403403027e-02,8.928335267560123523e-01,-1.601225152285890019e-02
3.503503503503503647e-02,9.197847918566893766e-01,-2.827911915840541912e-02
3.603603603603603572e-02,9.429120361248026772e-01,-3.760353654220605080e-02
3.703703703703703498e-02,9.813006232264188666e-01,-6.308451634614486991e-02
3.803803803803804118e-02,1.003402314453130106e+00,-7.318658362452590271e-02
3.903903903903904044e-02,1.011096574804718040e+00,-6.980106927521478877e-02
4.004004004004003969e-02,1.016650796193580009e+00,-6.520632151040328672e-02
4.104104104104103895e-02,9.912430124855787783e-01,-3.059041006325780021e-02
4.204204204204203821e-02,9.518599648718307771e-01,1.705081836431876496e-02
4.304304304304304440e-02,9.932300976611947441e-01,-1.701924668676513264e-02
4.404404404404404366e-02,9.833011567363343364e-01,-7.555698137066135800e-04
4.504504504504504292e-02,9.731563928047681777e-01,1.475233413540988359e-02
4.604604604604604912e-02,9.794036146500708639e-01,1.289135300474286705e-02
4.704704704704704837e-02,1.021236756492952535e+00,-2.553678478611487446e-02
4.804804804804804763e-02,1.000922673371107186e+00,-2.802301332960888125e-03
4.904904904904904689e-02,1.009807546578621817e+00,-1.025377135685801022e-02
5.005005005005004615e-02,9.991106858133663726e-01,8.880780152310530084e-04
5.105105105105105234e-02,1.001864603583529689e+00,-2.409705754460422789e-03
5.205205205205205160e-02,1.007074849874094680e+00,-9.152134845851422895e-03
5.305305305305305086e-02,1.000339398001584001e+00,-4.935667467571458467e-03
5.405405405405405705e-02,1.010229096348522093e+00,-1.832866108964525953e-02
5.505505505505505631e-02,1.014047667133030961e+00,-2.663137367624202057e-02
5.605605605605605557e-02,1.017725636579697612e+00,-3.576989728219093223e-02
5.705705705705705483e-02,1.024262680036201578e+00,-4.873850755436281990e-02
5.805805805805805409e-02,1.007445234045028171e+00,-3.931728114290933274e-02
5.905905905905906028e-02,9.960690413684766265e-01,-3.629464701528761772e-02
6.006006006006005954e-02,9.879317833307905694e-01,-3.746002603067899450e-02
6.106106106106105880e-02,9.874598350200765040e-01,-4.723059431031750854e-02
6.206206206206206499e-02,9.663742326550573969e-01,-3.731725970069466047e-02
6.306306306306305731e-02,9.319636442313363744e-01,-1.499764243532286656e-02
6.406406406406406351e-02,9.251781477746903182e-01,-2.120986431267413153e-02
6.506506506506506970e-02,9.163855694111185946e-01,-2.630889858921270363e-02
6.606606606606606202e-02,8.773091218823666493e-01,-2.004221204553569002e-03
6.706706706706706822e-02,8.644310044604585075e-01,-4.763424279713324161e-03
6.806806806806806054e-02,8.560887362107059140e-01,-1.290856382448324347e-02
6.906906906906906674e-02,8.409079866112789681e-01,-1.504900564773570260e-02
7.007007007007007293e-02,8.403667067456553896e-01,-3.264557267184864386e-02
7.107107107107106525e-02,8.212409594585267092e-01,-3.245639202589523098e-02
7.207207207207207145e-02,8.200510121665228747e-01,-5.098300559220592110e-02
7.307307307307307764e-02,7.846295780398859776e-01,-3.603862970489535300e-02
7.407407407407406996e-02,7.683952951683133969e-01,-4.102165359526455113e-02
7.507507507507507616e-02,7.396103695470086503e-01,-3.417330240105553862e-02
7.607607607607608236e-02,7.143381737214991034e-01,-3.153525655831002084e-02
7.707707707707707467e-02,6.820211111215440658e-01,-2.252753758564796094e-02
7.807807807807808087e-02,6.572810633681761550e-01,-2.174897752379201243e-02
7.907907907907907319e-02,6.378703392691033036e-01,-2.692819072368024536e-02
8.008008008008007939e-02,6.056966558672038925e-01,-1.994857832536456321e-02
8.108108108108108558e-02,6.026666999277143777e-01,-4.269191379011894050e-02
8.208208208208207790e-02,5.826980968465396149e-01,-4.905033644441703089e-02
8.308308308308308410e-02,5.400392826821761583e-01,-3.324624871390358116e-02
8.408408408408407642e-02,5.258581266090988082e-01,-4.642096432028885999e-02
8.508508508508508261e-02,5.182410242867248051e-01,-6.663382790982941284e-02
8.608608608608608881e-02,5.023677832861807024e-01,-7.903712722964617576e-02
8.708708708708708113e-02,4.674146366254185447e-01,-7.277913387597745309e-02
8.808808808808808732e-02,4.157963589922928360e-01,-5.024624716707382088e-02
8.908908908908909352e-02,3.950815559884257588e-01,-5.897831144620990784e-02
9.009009009009008584e-02,3.684213821874998129e-01,-6.209736258071602011e-02
9.109109109109109204e-02,3.391574696142366507e-01,-6.291558523516216361e-02
9.209209209209209823e-02,3.098979842813451291e-01,-6.401139852749501702e-02
9.309309309309309055e-02,2.837744245499778661e-01,-6.848628380488752665e-02
9.409409409409409675e-02,2.546832602931805023e-01,-7.020645348968795885e-02
9.509509509509508907e-02,2.400898458843111760e-01,-8.660679398809453811e-02
9.609609609609609526e-02,2.037829379263777496e-01,-8.144541354792043941e-02
9.709709709709710146e-02,1.926530531649638944e-01,-1.015820304783232458e-01
9.809809809809809378e-02,1.451665245330372167e-01,-8.545205964982688362e-02
9.909909909909909997e-02,1.031801018747219023e-01,-7.488124379160362998e-02
1.001001001001000923e-01,8.958360813586435656e-02,-9.272834034360034894e-02
1.011011011011010985e-01,2.286069489553443218e-02,-5.744590770735165386e-02
1.021021021021021047e-01,-3.739740284391513542e-02,-2.859409078270553489e-02
1.031031031031030970e-01,-7.030158236948962081e-02,-2.703093599881256637e-02
1.041041041041041032e-01,-1.368812522130011811e-01,8.303956931132699948e-03
1.051051051051051094e-01,-1.577627305711948591e-01,-1.932197216354653024e-03
1.061061061061061017e-01,-1.970390688176257843e-01,6.384423784561332749e-03
1.071071071071071079e-01,-2.502859554322924840e-01,2.886012311073360426e-02
1.081081081081081141e-01,-2.774920075834740318e-01,2.551394619834884692e-02
1.091091091091091064e-01,-2.775340644266586221e-01,-4.747056047312903093e-03
1.101101101101101126e-01,-2.890891640547852415e-01,-2.321588017670428439e-02
1.111111111111111049e-01,-3.029136847205853855e-01,-3.910645860508282778e-02
1.121121121121121111e-01,-3.614850807651397990e-01,-9.911953042428089944e-03
1.131131131131131173e-01,-3.836860690103708893e-01,-1.672059715743295927e-02
1.141141141141141097e-01,-4.031666875747100809e-01,-2.585366648761622255e-02
1.151151151151151159e-01,-4.355060310581571614e-01,-2.170377162092201884e-02
1.161161161161161082e-01,-4.474766745026261261e-01,-3.747046221486116657e-02
1.171171171171171144e-01,-4.787461411361439989e-01,-3.345878681697012080e-02
1.181181181181181206e-01,-5.058974636565808369e-01,-3.305875870363561564e-02
1.191191191191191129e-01,-5.214694778566688615e-01,-4.370508890872382146e-02
1.201201201201201191e-01,-5.452830705814181167e-01,-4.555096442453965278e-02
1.211211211211211253e-01,-6.038651401750994019e-01,-1.204411339208011356e-02
1.221221221221221176e-01,-6.199660873255765647e-01,-2.040933934744926237e-02
1.231231231231231238e-01,-6.492381251580272572e-01,-1.497023564758670489e-02
1.241241241241241300e-01,-6.956390067732738380e-01,8.254518144163669469e-03
1.251251251251251362e-01,-7.091983840491136171e-01,-6.825082453150166373e-04
1.261261261261261146e-01,-7.578486444624912277e-01,2.617331836081326912e-02
1.271271271271271208e-01,-7.745722360555404862e-01,2.182599755758585225e-02
1.281281281281281270e-01,-7.952086670749738406e-01,2.213587368625635765e-02
1.291291291291291332e-01,-8.292079746617403435e-01,3.657308392005564901e-02
1.301301301301301394e-01,-8.568638221199087468e-01,4.545063565704288155e-02
1.311311311311311179e-01,-8.719222627886301646e-01,4.253315126354773046e-02
1.321321321321321240e-01,-9.167213631477115765e-01,7.017647281765115874e-02
1.331331331331331302e-01,-9.276016303252458961e-01,6.473807203931480903e-02
1.341341341341341364e-01,-9.426913681141828594e-01,6.436238953141404373e-02
1.351351351351351426e-01,-9.403426894980059236e-01,4.741683134843754921e-02
1.361361361361361211e-01,-9.355689439227193871e-01,2.892918114583042932e-02
1.371371371371371273e-01,-9.673510060630355900e-01,4.789387467283046096e-02
1.381381381381381335e-01,-9.613718086401148444e-01,3.000651918026087106e-02
1.391391391391391397e-01,-9.919361372270228960e-01,4.958367569270427655e-02
1.401401401401401459e-01,-1.016460051122020536e+00,6.405226823756904331e-02
1.411411411411411521e-01,-1.019859237260373641e+00,5.833792701324802543e-02
1.421421421421421305e-01,-1.034557895450682885e+00,6.487386379299531214e-02
1.431431431431431367e-01,-1.027720509350061207e+00,5.083263398856863180e-02
1.441441441441441429e-01,-9.924454541874483393e-01,9.319736391744215531e-03
1.451451451451451491e-01,-9.808016287582219661e-01,-7.589761875250733425e-03
1.461461461461461553e-01,-1.011291002686416807e+00,1.861131580289654419e-02
1.471471471471471337e-01,-9.914132459747884152e-01,-4.573120064315872035e-03
1.481481481481481399e-01,-1.001503326091736978e+00,3.195167820468802766e-03
1.491491491491491461e-01,-1.012454865052822006e+00,1.281209739059208097e-02
1.501501501501501523e-01,-1.017237276984090055e+00,1.724840250837600397e-02
1.511511511511511585e-01,-9.989078250335238218e-01,-4.383114284570721608e-04
1.521521521521521647e-01,-9.952245416292254676e-01,-2.490647567035986221e-03
1.531531531531531432e-01,-9.974525029897765016e-01,2.354857539510368802e-03
1.541541541541541493e-01,-9.909958552445850000e-01,-5.002383527998865986e-04
1.551551551551551555e-01,-1.002568386940623890e+00,1.565429188746381151e-02
1.561561561561561617e-01,-9.767221001034316341e-01,-4.634080650127825329e-03
1.571571571571571679e-01,-9.994588843920543253e-01,2.463103771752017668e-02
1.581581581581581464e-01,-1.009154163199290188e+00,4.181861480199988712e-02
1.591591591591591526e-01,-1.014199138920856225e+00,5.531244419620640063e-02
1.601601601601601588e-01,-1.002182690120790198e+00,5.269304976597688484e-02
1.611611611611611650e-01,-9.653095523437619230e-01,2.615587472399394375e-02
1.621621621621621712e-01,-9.477298288262847592e-01,1.984080152977529821e-02
1.631631631631631496e-01,-9.328276667551688162e-01,1.712083825499932654e-02
1.641641641641641558e-01,-9.438763839646849840e-01,4.125725629565069053e-02
1.651651651651651620e-01,-9.160518203757090916e-01,2.741295372335306180e-02
1.661661661661661682e-01,-9.077042130205977832e-01,3.392434310786918150e-02
1.671671671671671744e-01,-9.032374764186601457e-01,4.518064556297274326e-02
1.681681681681681528e-01,-8.677650255632812781e-01,2.627972826323088373e-02
1.691691691691691590e-01,-8.329681246721837296e-01,8.886468568819250180e-03
1.701701701701701652e-01,-7.932772639189503705e-01,-1.258585303871917471e-02
1.711711711711711714e-01,-7.740193241681173619e-01,-1.282837120347291027e-02
1.721721721721721776e-01,-7.228144818699200336e-01,-4.423971298567885846e-02
1.731731731731731838e-01,-7.155193080652095805e-01,-3.098288026284234942e-02
1.741741741741741623e-01,-7.059330396330958379e-01,-1.927895912730193118e-02
1.751751751751751685e-01,-6.807296141034985260e-01,-2.247506497718554375e-02
1.761761761761761746e-01,-6.566302969521574662e-01,-2.387169440309500068e-02
1.771771771771771808e-01,-6.427391873431497205e-01,-1.438719792603870840e-02
1.781781781781781870e-01,-6.313343571224725448e-01,-1.766618804348363270e-03
1.791791791791791655e-01,-6.093153980628700506e-01,8.658770686521544135e-04
1.801801801801801717e-01,-6.001936648350637560e-01,1.699726762878983610e-02
1.811811811811811779e-01,-5.809974813557799989e-01,2.363090509413745544e-02
1.821821821821821841e-01,-5.680561654512820136e-01,3.707056532196151277e-02
1.831831831831831903e-01,-5.736053112263578280e-01,6.952575543503325406e-02
1.841841841841841965e-01,-5.361043156949004684e-01,5.942926624847333361e-02
1.851851851851851749e-01,-5.330037795811477519e-01,8.420459938068530770e-02
1.861861861861861811e-01,-5.021073408746027367e-01,8.162782760538839222e-02
1.871871871871871873e-01,-4.657773007230517348e-01,7.403324800265381755e-02
1.881881881881881935e-01,-4.385248822079506059e-01,7.590366842628332167e-02
1.891891891891891997e-01,-3.947750245700598071e-01,6.163522982800212491e-02
1.901901901901901781e-01,-3.659745909003514486e-01,6.264564242572412400e-02
1.911911911911911843e-01,-3.280272772447829221e-01,5.480912363631662565e-02
1.921921921921921905e-01,-2.957215069452734379e-01,5.288432156668609885e-02
1.931931931931931967e-01,-2.540470284574561366e-01,4.183094227494829620e-02
1.941941941941942029e-01,-2.080789355085201353e-01,2.669379963586937521e-02
1.951951951951951814e-01,-1.566762898266048365e-01,6.301468012667843510e-03
1.961961961961961876e-01,-1.041382697752432640e-01,-1.507753896093098900e-02
1.971971971971971938e-01,-4.403889589530169540e-02,-4.390001251576019364e-02
1.981981981981981999e-01,2.137862555065511705e-02,-7.795367473444783646e-02
1.991991991991992061e-01,6.614948632756774416e-02,-9.130473171694369894e-02
2.002002002002001846e-01,1.127251962107824745e-01,-1.064357628947154438e-01
2.012012012012011908e-01,1.434172321714622111e-01,-1.056893394927454904e-01
2.022022022022021970e-01,1.917685056189225579e-01,-1.226394610241382105e-01
2.032032032032032032e-01,2.301519077239365108e-01,-1.296900698717684819e-01
2.042042042042042094e-01,2.683775902258546675e-01,-1.366823013902307149e-01
2.052052052052052156e-01,2.725761805249309333e-01,-1.097776683598368774e-01
2.062062062062061940e-01,2.871291416497628868e-01,-9.338839041286611797e-02
2.072072072072072002e-01,3.021946165118337690e-01,-7.770320787426177045e-02
2.082082082082082064e-01,3.134431118848539644e-01,-5.842303548454386153e-02
2.092092092092092126e-01,3.427784282976465979e-01,-5.748186222359691344e-02
2.102102102102102188e-01,3.704691126577023264e-01,-5.517817408219971576e-02
2.112112112112111972e-01,3.901759685619755613e-01,-4.520243476738550203e-02
2.122122122122122034e-01,4.282814117637138707e-01,-5.396641183969513866e-02
2.132132132132132096e-01,4.362344829917676470e-01,-3.294816050778714978e-02
2.142142142142142158e-01,4.587821457214115717e-01,-2.692329270811466557e-02
2.152152152152152220e-01,4.690513903145255292e-01,-9.047052915914732818e-03
2.162162162162162282e-01,4.891071810769010986e-01,-1.412237263266558074e-03
2.172172172172172067e-01,5.112134523993732138e-01,3.689837841438947663e-03
2.182182182182182129e-01,5.580829479087228151e-01,-1.648047636053306952e-02
2.192192192192192191e-01,5.876327135521087763e-01,-1.986662745740097602e-02
2.202202202202202252e-01,5.928249100978216779e-01,5.433517397988030240e-04
2.212212212212212314e-01,6.153535822537400390e-01,3.030099662475693734e-03
2.222222222222222099e-01,6.329384689884579585e-01,9.849140698080516287e-03
2.232232232232232161e-01,6.795042243528428560e-01,-1.294831117047146041e-02
2.242242242242242223e-01,6.883182934204227221e-01,1.346795557838786905e-03
2.252252252252252285e-01,7.050075451800680293e-01,7.084740250957288765e-03
2.262262262262262347e-01,7.253756414258766272e-01,8.439683850851142921e-03
2.272272272272272131e-01,7.596758600028749031e-01,-4.863132442076478767e-03
2.282282282282282193e-01,7.734620830480052334e-01,1.601645831596165692e-03
2.292292292292292255e-01,7.977311139039413579e-01,-3.182809991497781432e-03
2.302302302302302317e-01,7.827826780085193059e-01,3.046450721521376526e-02
2.312312312312312379e-01,7.969546281472084104e-01,3.418725416848489296e-02
2.322322322322322163e-01,8.052288057998490123e-01,4.298589411295272722e-02
2.332332332332332225e-01,8.310653275298276466e-01,3.338342793003690190e-02
2.342342342342342287e-01,8.334015980474112073e-01,4.642639776901791304e-02
2.352352352352352349e-01,8.682729462376623797e-01,2.606426689336471814e-02
2.362362362362362411e-01,9.061671552363245175e-01,1.794904643221628682e-03
2.372372372372372473e-01,8.895953914576205657e-01,3.109367159524267787e-02
2.382382382382382258e-01,9.148107128759002116e-01,1.769492460380706067e-02
2.392392392392392320e-01,9.443417983948277916e-01,-9.417001232469024430e-04
2.402402402402402382e-01,9.473821207619884666e-01,5.979551615440614754e-03
2.412412412412412444e-01,9.464562624255652423e-01,1.592424681106818785e-02
2.422422422422422505e-01,9.546252937416310758e-01,1.582239677816588141e-02
2.432432432432432290e-01,9.780951323655452390e-01,-5.398934178592051936e-04
2.442442442442442352e-01,9.904434975622654624e-01,-6.747371382655464878e-03
2.452452452452452414e-01,9.672082907951927710e-01,2.165598896824294517e-02
2.462462462462462476e-01,9.839798513321466045e-01,9.074737808221100543e-03
2.472472472472472538e-01,1.011461006518574957e+00,-1.519809582002051851e-02
2.482482482482482600e-01,1.011770316337365250e+00,-1.328424446684284277e-02
2.492492492492492384e-01,9.831114743916198329e-01,1.661039987876888890e-02
2.502502502502502724e-01,9.957724601698646483e-01,4.196635697882200589e-03
2.512512512512512508e-01,9.937668425773485970e-01,5.460649618730828436e-03
2.522522522522522292e-01,1.004190382661437120e+00,-6.692586066937344924e-03
2.532532532532532632e-01,9.908591440269050032e-01,3.922575455680310519e-03
2.542542542542542416e-01,9.927302812103437901e-01,-1.648334541324070202e-03
2.552552552552552756e-01,9.955922674716755072e-01,-9.190130775961091736e-03
2.562562562562562540e-01,9.812855593151144085e-01,-5.386420950745929304e-04
2.572572572572572325e-01,9.525346138837116339e-01,2.158726655502474223e-02
2.582582582582582664e-01,9.295724289376308125e-01,3.696114862041066651e-02
2.592592592592592449e-01,9.255785127181250793e-01,3.241099959736382097e-02
2.602602602602602788e-01,9.064060860361957683e-01,4.209204752359940738e-02
2.612612612612612573e-01,9.024065224807751306e-01,3.566230441539119944e-02
2.622622622622622357e-01,8.676849696866246742e-01,5.902693571866068911e-02
2.632632632632632697e-01,8.683195252983979540e-01,4.611907414676807981e-02
2.642642642642642481e-01,8.420036004547729602e-01,5.925744509117192305e-02
2.652652652652652820e-01,8.316096105005355010e-01,5.558266390806865243e-02
2.662662662662662605e-01,8.270854783476520034e-01,4.516071967183421521e-02
2.672672672672672389e-01,8.154762501697137012e-01,4.096134572363296922e-02
2.682682682682682729e-01,8.072273105940402926e-01,3.255478986449911183e-02
2.692692692692692513e-01,7.952475944730293955e-01,2.704858712578050994e-02
2.702702702702702853e-01,7.744632148100389912e-01,2.953391555690199066e-02
2.712712712712712637e-01,7.278420747195721852e-01,5.706096716683251024e-02
2.722722722722722422e-01,7.577470578946384760e-01,7.285739563252735529e-03
2.732732732732732761e-01,7.397086950948974504e-01,4.697350793521404277e-03
2.742742742742742545e-01,6.975059844385651520e-01,2.553719962294509482e-02
2.752752752752752885e-01,6.828621572654036687e-01,1.810317950219331173e-02
2.762762762762762669e-01,6.742083958140657751e-01,3.985940000601151390e-03
2.772772772772773009e-01,6.598881164133114652e-01,-5.135417973577416362e-03
2.782782782782782793e-01,6.106682932948089837e-01,1.999531174774848985e-02
2.792792792792792578e-01,6.234125591096274510e-01,-1.746168284607785282e-02
2.802802802802802917e-01,6.006680723989002990e-01,-2.002912297029491029e-02
2.812812812812812702e-01,5.960129531553297610e-01,-4.126009877121161740e-02
2.822822822822823041e-01,5.546350910285321456e-01,-2.631690228248140251e-02
2.832832832832832826e-01,5.386095362771312622e-01,-3.724844368952473506e-02
2.842842842842842610e-01,5.251043256478221677e-01,-5.119610305737859468e-02
2.852852852852852950e-01,5.023981158126036295e-01,-5.641139012752743875e-02
2.862862862862862734e-01,4.491394176394593041e-01,-3.151520543299241028e-02
2.872872872872873073e-01,4.257540812358608928e-01,-3.690535264447369901e-02
2.882882882882882858e-01,4.121358024102321771e-01,-5.244707276569537946e-02
2.892892892892892642e-01,3.881541996222512836e-01,-5.798114922141367478e-02
2.902902902902902982e-01,3.448145217252082118e-01,-4.448364411345712144e-02
2.912912912912912766e-01,3.030544538627918394e-01,-3.286273297900932366e-02
2.922922922922923106e-01,3.021668570431959577e-01,-6.238147354545986456e-02
2.932932932932932890e-01,2.541737321520484705e-01,-4.503179921448124956e-02
2.942942942942942675e-01,2.128036552413517524e-01,-3.451198408337446955e-02
2.952952952952953014e-01,1.988499425341480054e-01,-5.158483791400753082e-02
2.962962962962962798e-01,1.397137829827621303e-01,-2.362086885753107712e-02
2.972972972972973138e-01,1.252688694106190437e-01,-4.046294493510929624e-02
2.982982982982982922e-01,8.576856782708366933e-02,-3.233349383402595728e-02
2.992992992992992707e-01,3.963693444351320400e-02,-1.762555051728384448e-02
3.003003003003003046e-01,-1.829609662038995943e-02,8.862024394492958729e-03
3.013013013013012831e-01,-2.535540019184846783e-02,-1.551479924886185052e-02
3.023023023023023170e-01,-6.775458305221308819e-02,-4.511328868374686607e-03
3.033033033033032955e-01,-1.343689554570091926e-01,3.077879162477061004e-02
3.043043043043043294e-01,-1.468698958893832618e-01,1.205791588279950255e-02
3.053053053053053079e-01,-1.881159238365405773e-01,2.221543726782740369e-02
3.063063063063062863e-01,-2.368466505626538043e-01,4.002170909495006423e-02
3.073073073073073203e-01,-2.992433772436829953e-01,7.168861236760026845e-02
3.083083083083082987e-01,-3.149482196267431866e-01,5.688865019789407507e-02
3.093093093093093326e-01,-3.466028498582244821e-01,5.829365958600180031e-02
3.103103103103103111e-01,-3.737098213967502969e-01,5.543610650444236176e-02
3.113113113113112895e-01,-3.995617682943131688e-01,5.163825560002960335e-02
3.123123123123123235e-01,-4.366332578469132031e-01,5.940399354414338529e-02
3.133133133133133019e-01,-4.671680714519052535e-01,6.100608089743431162e-02
3.143143143143143359e-01,-4.893033212389011344e-01,5.461024008450510170e-02
3.153153153153153143e-01,-5.205936378343030135e-01,5.779931486700495835e-02
3.163163163163162928e-01,-5.519849753239788326e-01,6.154704740755900794e-02
3.173173173173173267e-01,-5.656171042817316197e-01,4.802054381985365605e-02
3.183183183183183051e-01,-5.986155579677503447e-01,5.437219333617160366e-02
3.193193193193193391e-01,-6.224798846784044271e-01,5.212789410050300276e-02
3.203203203203203175e-01,-6.451678710451274057e-01,4.927125041122948357e-02
3.213213213213212960e-01,-6.777661709673498125e-01,5.691417612410720750e-02
3.223223223223223299e-01,-6.892765859663630978e-01,4.408315002767049240e-02
3.233233233233233084e-01,-7.243914711812267093e-01,5.549459743688778257e-02
3.243243243243243423e-01,-7.569099854115728387e-01,6.497111643402697645e-02
3.253253253253253208e-01,-7.842306948005173250e-01,6.993405837349642162e-02
3.263263263263262992e-01,-7.901656096252334116e-01,5.421754214113116976e-02
3.273273273273273332e-01,-7.722352193678287957e-01,1.536346736283678016e-02
3.283283283283283116e-01,-8.008596043112914398e-01,2.381260482900371400e-02
3.293293293293293456e-01,-8.024345508465520194e-01,5.980691341622379475e-03
3.303303303303303240e-01,-8.063700902071682108e-01,-8.703051279093654280e-03
3.313313313313313024e-01,-8.391194341969613335e-01,6.233000556189027819e-03
3.323323323323323364e-01,-8.474377759403614041e-01,-2.438345250324935876e-03
3.333333333333333148e-01,-8.710133594340484509e-01,4.987955649610631426e-03
3.343343343343343488e-01,-9.297611591193797320e-01,4.844284700957246503e-02
3.353353353353353272e-01,-9.372206918213242810e-01,4.148096813606938493e-02
3.363363363363363057e-01,-9.643028049860371542e-01,5.502742717214903490e-02
3.373373373373373396e-01,-9.753931619996871749e-01,5.348127231446231367e-02
3.383383383383383181e-01,-9.910694426900112930e-01,5.743267907916516091e-02
3.393393393393393520e-01,-9.754202521962966888e-01,3.098184681546778396e-02
3.403403403403403304e-01,-9.650590658522364418e-01,1.075293212348804595e-02
3.413413413413413644e-01,-9.701421982819059542e-01,6.912007387993246432e-03
3.423423423423423428e-01,-9.888058673756354722e-01,1.760411510525938805e-02
3.433433433433433213e-01,-1.004533092408076422e+00,2.632015727486813894e-02
3.443443443443443552e-01,-1.010840511278380704e+00,2.658370484501215714e-02
3.453453453453453337e-01,-1.024106560193019266e+00,3.477917053952572779e-02
3.463463463463463676e-01,-1.038162899839389253e+00,4.474322912157857601e-02
3.473473473473473461e-01,-1.038993957930994805e+00,4.246435498065803671e-02
3.483483483483483245e-01,-1.032927889805576260e+00,3.427377872911985257e-02
3.493493493493493585e-01,-1.029682201533178576e+00,2.989110726925248152e-02
3.503503503503503369e-01,-1.035564856062519690e+00,3.562542786222600011e-02
3.513513513513513709e-01,-1.049786096999506757e+00,5.068713079482523032e-02
3.523523523523523493e-01,-1.007777812717344457e+00,1.050727334451173611e-02
3.533533533533533277e-01,-1.010264185856448504e+00,1.580823010117082816e-02
3.543543543543543617e-01,-1.006750566025058635e+00,1.609256745562692714e-02
3.553553553553553401e-01,-1.003315488148622148e+00,1.743506470122613283e-02
3.563563563563563741e-01,-1.024378512263405705e+00,4.425055754122930729e-02
3.573573573573573525e-01,-1.017567875287362700e+00,4.416159453135992674e-02
3.583583583583583310e-01,-1.015698019889370363e+00,4.997597157401523216e-02
3.593593593593593649e-01,-1.013440779962310190e+00,5.635792396403938032e-02
3.603603603603603434e-01,-9.846114405170227624e-01,3.711419379659253170e-02
3.613613613613613773e-01,-9.755451884051495881e-01,3.857048913771177201e-02
3.623623623623623557e-01,-9.438579307647670946e-01,1.833231184308881101e-02
3.633633633633633342e-01,-9.199676329444052003e-01,6.806305771421605755e-03
3.643643643643643681e-01,-8.897366297096011012e-01,-1.015742081371728833e-02
3.653653653653653466e-01,-8.631979670266648474e-01,-2.253894136986545060e-02
3.663663663663663805e-01,-8.506923458476082223e-01,-2.001155431751922009e-02
3.673673673673673590e-01,-8.456345275619180368e-01,-9.175363745008713323e-03
3.683683683683683929e-01,-8.350623930806282402e-01,-3.008205624597914962e-03
3.693693693693693714e-01,-8.293068933225558048e-01,8.804318215467787923e-03
3.703703703703703498e-01,-8.051864988350546648e-01,3.063306080010486099e-03
3.713713713713713838e-01,-7.983794334734934939e-01,1.542880726503015332e-02
3.723723723723723622e-01,-7.671588911983051595e-01,4.155056826777858703e-03
3.733733733733733962e-01,-7.429414059367417389e-01,6.388641911325709799e-04
3.743743743743743746e-01,-7.136624357425327414e-01,-7.204783182053198232e-03
3.753753753753753530e-01,-6.865989432276136117e-01,-1.212011912475452480e-02
3.763763763763763870e-01,-6.580262715165403620e-01,-1.785370184613932487e-02
3.773773773773773654e-01,-6.492146755641793332e-01,-3.157860957611946517e-03
3.783783783783783994e-01,-6.319878884240579531e-01,3.767891128415468138e-03
3.793793793793793778e-01,-5.975896359500815214e-01,-5.856603113344682754e-03
3.803803803803803563e-01,-5.964131876678527844e-01,1.833742816748085147e-02
3.813813813813813902e-01,-5.748807078523768821e-01,2.274706149930716403e-02
3.823823823823823687e-01,-5.807419550785976048e-01,5.509640244727609382e-02
3.833833833833834026e-01,-5.700621577128900386e-01,7.142448647189797439e-02
3.843843843843843811e-01,-5.325258031574916506e-01,6.138909407447346034e-02
3.853853853853853595e-01,-5.158835146648317327e-01,7.271365402070389949e-02
3.863863863863863934e-01,-5.011235350588321147e-01,8.635875395342523797e-02
3.873873873873873719e-01,-4.782849499843105368e-01,9.233539098898052577e-02
3.883883883883884058e-01,-4.207289200680376373e-01,6.397623165380650345e-02
3.893893893893893843e-01,-3.786992011954709025e-01,5.149616033769849333e-02
3.903903903903903627e-01,-3.303256895436187390e-01,3.299585287644585252e-02
3.913913913913913967e-01,-3.008450361645663707e-01,3.368242003004473517e-02
3.923923923923923751e-01,-2.689748630214906511e-01,3.224365272980914132e-02
3.933933933933934091e-01,-2.534871612458015067e-01,4.742144983410917503e-02
3.943943943943943875e-01,-2.236474666732130578e-01,4.845102342134283147e-02
3.953953953953953659e-01,-1.892075326458024231e-01,4.505360157784313313e-02
3.963963963963963999e-01,-1.429287653050036466e-01,2.995989387593006592e-02
3.973973973973973783e-01,-8.279063814918277697e-02,1.118536285975663125e-03
3.983983983983984123e-01,-2.639099692889772253e-02,-2.390357343446867372e-02
3.993993993993993907e-01,2.280635984914827427e-02,-4.167366463361530521e-02
4.004004004004003692e-01,6.135132115184528667e-02,-4.877270331310567392e-02
4.014014014014014031e-01,8.758559977617333403e-02,-4.357349775379285028e-02
4.024024024024023816e-01,1.270379943617928886e-01,-5.163592977939220063e-02
4.034034034034034155e-01,1.648112725653317345e-01,-5.809380719397347348e-02
4.044044044044043940e-01,1.789924637617563707e-01,-4.106512578910315181e-02
4.054054054054054279e-01,2.061965787806474548e-01,-3.719575845879849463e-02
4.064064064064064064e-01,2.535664774316351289e-01,-5.365929220683038348e-02
4.074074074074073848e-01,2.717523241353335672e-01,-4.113645339289470626e-02
4.084084084084084187e-01,2.916594928192238756e-01,-3.056298240713495318e-02
4.094094094094093972e-01,3.106398414838845157e-01,-1.932087820833811032e-02
4.104104104104104311e-01,3.065633161732642109e-01,1.469002751087900016e-02
4.114114114114114096e-01,3.465522812716864132e-01,4.317769579643804256e-03
4.124124124124123880e-01,3.622937855403389751e-01,1.784601258325607676e-02
4.134134134134134220e-01,3.992587302188452814e-01,9.774911721900869654e-03
4.144144144144144004e-01,4.513636634742690390e-01,-1.384065301736586706e-02
4.154154154154154344e-01,4.898141230064724794e-01,-2.423439121251463879e-02
4.164164164164164128e-01,5.170323411678092729e-01,-2.385627926833550072e-02
4.174174174174173912e-01,5.466252766029575660e-01,-2.634056462137901455e-02
4.184184184184184252e-01,5.862851280213823291e-01,-3.940625252775509235e-02
4.194194194194194036e-01,6.377123568095894868e-01,-6.478010216757090767e-02
4.204204204204204376e-01,6.682830883954220536e-01,-6.986400200449494058e-02
4.214214214214214160e-01,6.954286574643905317e-01,-7.211448952617471875e-02
4.224224224224223945e-01,6.937925570152416732e-01,-4.619967537784830380e-02
4.234234234234234284e-01,7.287462547823039261e-01,-5.751503544140168511e-02
4.244244244244244069e-01,7.553944022624973220e-01,-6.118859612177496299e-02
4.254254254254254408e-01,7.703083899211933261e-01,-5.381446643841014676e-02
4.264264264264264193e-01,7.868364307016978421e-01,-4.876289906935993290e-02
4.274274274274273977e-01,7.679891351691739976e-01,-9.065843701085984918e-03
4.284284284284284317e-01,7.784175536364749126e-01,6.050319470155551826e-04
4.294294294294294101e-01,7.915568076559079680e-01,6.794731018497479624e-03
4.304304304304304440e-01,8.068449064490988976e-01,1.004613074380622528e-02
4.314314314314314225e-01,8.025459857572810884e-01,3.207676249053614814e-02
4.324324324324324564e-01,8.269993590805664319e-01,2.452977865274486025e-02
4.334334334334334349e-01,8.372056213990678453e-01,3.038786626853362538e-02
4.344344344344344133e-01,8.354709468389773797e-01,4.732896588564161622e-02
4.354354354354354473e-01,8.473335056918182007e-01,4.979987025049548155e-02
4.364364364364364257e-01,8.769417321520096564e-01,3.363797144002567130e-02
4.374374374374374597e-01,8.836841104849776363e-01,3.944148870933450457e-02
4.384384384384384381e-01,8.976677147751125352e-01,3.709094189203843150e-02
4.394394394394394165e-01,9.198950826812138937e-01,2.557228991264903772e-02
4.404404404404404505e-01,9.354022044141113712e-01,1.983895318417561171e-02
4.414414414414414289e-01,9.346721119825925905e-01,2.939823483355774592e-02
4.424424424424424629e-01,9.438418576699213469e-01,2.810435178231251996e-02
4.434434434434434413e-01,9.618287183334344181e-01,1.703223908042694745e-02
4.444444444444444198e-01,9.937952489476626905e-01,-8.987495935455003249e-03
4.454454454454454537e-01,1.006638563323890345e+00,-1.685784760010688998e-02
4.464464464464464322e-01,1.026905595722129361e+00,-3.313066771670536426e-02
4.474474474474474661e-01,1.004714493510317386e+00,-7.928053353283059934e-03
4.484484484484484446e-01,9.991741457825650263e-01,-3.618715552958784443e-04
4.494494494494494230e-01,1.001993506730504357e+00,-2.143079772203959621e-03
4.504504504504504570e-01,9.893135563457063908e-01,1.058631542104249146e-02
4.514514514514514354e-01,1.007052807594239985e+00,-8.092247835412513801e-03
4.524524524524524693e-01,9.930331524763358342e-01,4.000267302354365562e-03
4.534534534534534478e-01,9.912164915640350182e-01,2.903865925904414169e-03
4.544544544544544262e-01,9.965350382922818495e-01,-6.310784801083157980e-03
4.554554554554554602e-01,1.020052688457474765e+00,-3.470372798985810192e-02
4.564564564564564386e-01,9.939511974663400862e-01,-1.445189808522351349e-02
4.574574574574574726e-01,9.608733615332831768e-01,1.180769316987695383e-02
4.584584584584584510e-01,9.561286805089381780e-01,8.772288185800891647e-03
4.594594594594594295e-01,9.440492247922855906e-01,1.211750994696580985e-02
4.604604604604604634e-01,9.323938703537402173e-01,1.409311938111212914e-02
4.614614614614614418e-01,9.110801819861590323e-01,2.479112356765345027e-02
4.624624624624624758e-01,8.876006843303605454e-01,3.672949524694812951e-02
4.634634634634634542e-01,8.845196634504640665e-01,2.735536086456991089e-02
4.644644644644644327e-01,8.708502854107644797e-01,2.766787070910370350e-02
4.654654654654654666e-01,8.921549264128717516e-01,-7.882143404093988615e-03
4.664664664664664451e-01,8.580732370002424059e-01,1.107975460175725235e-02
4.674674674674674790e-01,8.308111937081198439e-01,2.236253948527266999e-02
4.684684684684684575e-01,7.831723401512227234e-01,5.317846881455401409e-02
4.694694694694694914e-01,7.808342050695377123e-01,3.786664929629079968e-02
4.704704704704704699e-01,7.385040460635503567e-01,6.173727659048200422e-02
4.714714714714714483e-01,7.192289182341311538e-01,6.176154941178757518e-02
4.724724724724724823e-01,6.862585114040764545e-01,7.470881425759112737e-02
4.734734734734734607e-01,6.517371243727531072e-01,8.845457232919140544e-02
4.744744744744744946e-01,6.581175949181703455e-01,6.056652995036759801e-02
4.754754754754754731e-01,6.540335553577453220e-01,4.243232269147712010e-02
4.764764764764764515e-01,6.629275040598837654e-01,1.063142282698259500e-02
4.774774774774774855e-01,6.348228208264605765e-01,1.516310222718642020e-02
4.784784784784784639e-01,6.292708977718690644e-01,-3.500720920061706209e-03
4.794794794794794979e-01,6.203259132514651331e-01,-1.939027908834234371e-02
4.804804804804804763e-01,6.317224600780502186e-01,-5.621560730815911011e-02
4.814814814814814548e-01,6.188207909868000955e-01,-6.931181291599308736e-02
4.824824824824824887e-01,5.639316406818838390e-01,-4.096392246608060450e-02
4.834834834834834671e-01,5.273180162576341923e-01,-3.140869757324421530e-02
4.844844844844845011e-01,5.155147586690485006e-01,-4.715422233638766336e-02
4.854854854854854795e-01,4.474435880611489225e-01,-7.094975126529567966e-03
4.864864864864864580e-01,4.382108522020506935e-01,-2.630960395805659324e-02
4.874874874874874919e-01,4.159022791078169634e-01,-3.285570650464808562e-02
4.884884884884884704e-01,3.841691989867386248e-01,-3.035607986039895456e-02
4.894894894894895043e-01,3.509806395790264766e-01,-2.675084409465483537e-02
4.904904904904904828e-01,3.276693419576986455e-01,-3.334348663841640859e-02
4.914914914914914612e-01,2.841443723614095473e-01,-2.001350304480131737e-02
4.924924924924924952e-01,2.678871264928863738e-01,-3.421243052863398582e-02
4.934934934934934736e-01,2.321139340368869597e-01,-2.912648201012418836e-02
4.944944944944945076e-01,2.317564705621394661e-01,-5.965698779797101725e-02
4.954954954954954860e-01,1.828071645791644051e-01,-4.176583265424416158e-02
4.964964964964965199e-01,1.295779245583701389e-01,-1.973421301586945897e-02
4.974974974974974984e-01,8.668534478037417945e-02,-8.147873214704171030e-03
4.984984984984984768e-01,3.394701282234816042e-02,1.320655652995941093e-02
4.994994994994995108e-01,4.339395198185914959e-03,1.138364385885494087e-02
5.005005005005005447e-01,-1.850462725101631456e-02,2.781588193974907086e-03
5.015015015015015232e-01,-4.969142534225254315e-02,2.537855989946199986e-03
5.025025025025025016e-01,-7.697362336290325402e-02,-1.563848202765533157e-03
5.035035035035034801e-01,-1.004015699902348346e-01,-9.442141552264624038e-03
5.045045045045044585e-01,-1.360883246630019694e-01,-4.953007261915304271e-03
5.055055055055055480e-01,-1.707393562905994422e-01,-1.360126473569561734e-03
5.065065065065065264e-01,-2.221380236533044561e-01,1.915057162654290601e-02
5.075075075075075048e-01,-2.866970948320266555e-01,5.302239886777546096e-02
5.085085085085084833e-01,-3.326853040773692927e-01,6.855443476076394926e-02
5.095095095095094617e-01,-3.377214140251017516e-01,4.339555870582068042e-02
5.105105105105105512e-01,-3.734774043922571840e-01,4.924760890788498768e-02
5.115115115115115296e-01,-3.767451024029320750e-01,2.293198327659357050e-02
5.125125125125125081e-01,-4.289114712636969973e-01,4.586489866053089504e-02
5.135135135135134865e-01,-4.823311735193500649e-01,7.042992527536029446e-02
5.145145145145144649e-01,-5.096196930775666045e-01,6.927108014294836025e-02
5.155155155155155544e-01,-5.332933902024431516e-01,6.493285386978187024e-02
5.165165165165165329e-01,-5.566805393535639856e-01,6.077122066917506338e-02
5.175175175175175113e-01,-5.652474823663735659e-01,4.227976415057299597e-02
5.185185185185184897e-01,-5.798433789629737767e-01,3.033440089216787872e-02
5.195195195195194682e-01,-5.566711033520456153e-01,-1.883574941784305068e-02
5.205205205205205576e-01,-5.775718459542523719e-01,-2.336378820887086150e-02
5.215215215215215361e-01,-6.137544771310644576e-01,-1.201569972074056913e-02
5.225225225225225145e-01,-6.605495003574883839e-01,1.056357730384371862e-02
5.235235235235234930e-01,-6.979226154895430412e-01,2.436368860267756897e-02
5.245245245245244714e-01,-7.153097616553424354e-01,1.884388360612221369e-02
5.255255255255255609e-01,-7.433966892085375200e-01,2.471256433999924340e-02
5.265265265265265393e-01,-7.512963348791040774e-01,1.110463817716156321e-02
5.275275275275275177e-01,-7.438824921400903900e-01,-1.708483352157752488e-02
5.285285285285284962e-01,-7.980382876851029872e-01,1.704782003918614564e-02
5.295295295295294746e-01,-8.054035939445360892e-01,5.162271290505504595e-03
5.305305305305305641e-01,-8.462045485413367540e-01,2.750369417550890816e-02
5.315315315315315425e-01,-8.597677032033429478e-01,2.341689423756787569e-02
5.325325325325325210e-01,-8.656640511495550250e-01,1.249031795616217799e-02
5.335335335335334994e-01,-8.917885578856312723e-01,2.263556628363316836e-02
5.345345345345344779e-01,-9.261745069116814610e-01,4.190172390290503035e-02
5.355355355355355673e-01,-9.356444521670841397e-01,3.712629604721728871e-02
5.365365365365365458e-01,-9.368462752212904920e-01,2.497125090625629262e-02
5.375375375375375242e-01,-9.540199359951705427e-01,2.968975641786231190e-02
5.385385385385385026e-01,-9.765929914131256107e-01,4.072168585931423834e-02
5.395395395395394811e-01,-9.951268723236593727e-01,4.863988258880802551e-02
5.405405405405405705e-01,-9.937467561301080998e-01,3.758002139085758753e-02
5.415415415415415490e-01,-1.010300285912827833e+00,4.539931721808865284e-02
5.425425425425425274e-01,-1.011793491298781600e+00,3.911243659562169128e-02
5.435435435435435059e-01,-9.875125781871495478e-01,8.013278806033530266e-03
5.445445445445444843e-01,-9.818947086565290583e-01,-3.454251811086828106e-03
5.455455455455455738e-01,-9.929861426242262423e-01,2.761889133027439769e-03
5.465465465465465522e-01,-9.815142597828521165e-01,-1.260609770708720490e-02
5.475475475475475307e-01,-1.024885820872726949e+00,2.785240109403686048e-02
5.485485485485485091e-01,-1.008570785276023063e+00,9.610225517195813971e-03
5.495495495495495986e-01,-1.012510863476348666e+00,1.261099170959978366e-02
5.505505505505505770e-01,-1.017704683515880948e+00,1.785425655758055008e-02
5.515515515515515554e-01,-1.009237117955978924e+00,1.042484372870977616e-02
5.525525525525525339e-01,-9.766534418844801113e-01,-2.013299827255432550e-02
5.535535535535535123e-01,-9.894816631211261759e-01,-4.293264884298375605e-03
5.545545545545546018e-01,-9.812265728281855948e-01,-8.554142895597527385e-03
5.555555555555555802e-01,-9.737187435083716203e-01,-1.108900950383628903e-02
5.565565565565565587e-01,-9.946850287105049038e-01,1.582407129664331613e-02
5.575575575575575371e-01,-9.762856486528811439e-01,4.339439200647055017e-03
5.585585585585585155e-01,-9.840696182566252004e-01,1.999927144047353167e-02
5.595595595595596050e-01,-9.898287261517725311e-01,3.458756855348621428e-02
5.605605605605605835e-01,-9.549652863639738198e-01,9.497913770110555376e-03
5.615615615615615619e-01,-9.433936371840132562e-01,8.634980516861845423e-03
5.625625625625625403e-01,-9.342889719086207023e-01,1.116337271430734024e-02
5.635635635635635188e-01,-9.435185481839415411e-01,3.293884459190576930e-02
5.645645645645646082e-01,-9.325522876776366488e-01,3.541891173532318859e-02
5.655655655655655867e-01,-9.063159937294069657e-01,2.351608100478730368e-02
5.665665665665665651e-01,-8.879935122992111962e-01,2.040002463160917046e-02
5.675675675675675436e-01,-8.684099651935037745e-01,1.688082746019092806e-02
5.685685685685685220e-01,-8.420159094777780462e-01,7.393161229960143466e-03
5.695695695695696115e-01,-8.178919957785502071e-01,1.000958585645417287e-03
5.705705705705705899e-01,-7.908982749876368734e-01,-7.453263686769240337e-03
5.715715715715715683e-01,-7.822253377508630034e-01,3.202752167370648273e-03
5.725725725725725468e-01,-7.764448074080931850e-01,1.752151594000439516e-02
5.735735735735735252e-01,-7.319227193568403900e-01,-6.150812275499517590e-03
5.745745745745746147e-01,-7.043338002318112467e-01,-1.216012325097148850e-02
5.755755755755755931e-01,-6.873889817207565756e-01,-6.816824419966560633e-03
5.765765765765765716e-01,-6.709448964284832062e-01,-2.863229124212551824e-04
5.775775775775775500e-01,-6.545086994557072213e-01,6.915817818312963716e-03
5.785785785785785285e-01,-6.294050087553967332e-01,6.090840817178588829e-03
5.795795795795796179e-01,-5.913638403998908721e-01,-7.055245991035796749e-03
5.805805805805805964e-01,-5.822740019931282873e-01,9.341747351107265729e-03
5.815815815815815748e-01,-5.773750305103770852e-01,3.049615501675029261e-02
5.825825825825825532e-01,-5.616403840730312957e-01,4.135567209145174505e-02
5.835835835835835317e-01,-5.291008403736668919e-01,3.592477847419051074e-02
5.845845845845846211e-01,-5.132534964059607407e-01,4.767376461200339977e-02
5.855855855855855996e-01,-4.760837594178295440e-01,3.856074896092365201e-02
5.865865865865865780e-01,-4.491682671885358635e-01,4.013462524779021212e-02
5.875875875875875565e-01,-4.054844729967547190e-01,2.534467487315689160e-02
5.885885885885885349e-01,-3.888615380978073799e-01,3.799148724647433140e-02
5.895895895895896244e-01,-3.984368398123137034e-01,7.718349612816932659e-02
5.905905905905906028e-01,-3.544297570629283411e-01,6.311079378738243539e-02
5.915915915915915813e-01,-3.103620505063259816e-01,4.926554009423761427e-02
5.925925925925925597e-01,-2.771569415641023659e-01,4.654107082166059062e-02
5.935935935935935381e-01,-2.579785377201414542e-01,5.807135249533376675e-02
5.945945945945946276e-01,-2.076266320784604380e-01,3.862581175661025656e-02
5.955955955955956060e-01,-1.573433138363241612e-01,1.941597586367149741e-02
5.965965965965965845e-01,-1.359176107706050185e-01,2.920014539924553620e-02
5.975975975975975629e-01,-1.035086423974340974e-01,2.810657781503042574e-02
5.985985985985985414e-01,-7.113029050150573851e-02,2.711818847912048080e-02
5.995995995995996308e-01,-2.815110607097798257e-02,1.557248823223892319e-02
6.006006006006006093e-01,-1.086244951072725534e-02,2.972975429519483792e-02
6.016016016016015877e-01,2.588315895701040481e-02,2.441141140635477019e-02
6.026026026026025662e-01,4.322139452000153814e-02,3.845070734320259198e-02
6.036036036036035446e-01,8.322437677873034678e-02,2.974449465033848772e-02
6.046046046046046341e-01,1.102041566474813578e-01,3.394977442047848737e-02
6.056056056056056125e-01,1.284403556875735597e-01,4.675608756429547319e-02
6.066066066066065909e-01,1.621039811067309100e-01,4.396173030496022816e-02
6.076076076076075694e-01,1.764173253353943094e-01,6.031388495628256519e-02
6.086086086086086588e-01,2.200648111224602910e-01,4.709780501206012326e-02
6.096096096096096373e-01,2.488158279104084880e-01,4.851400875676489810e-02
6.106106106106106157e-01,2.562590150492971008e-01,7.094402580847419815e-02
6.116116116116115942e-01,2.774254405183541605e-01,7.932724789587580760e-02
6.126126126126125726e-01,3.307530068851747829e-01,5.519655211015078722e-02
6.136136136136136621e-01,3.778661557836258678e-01,3.689862532178311838e-02
6.146146146146146405e-01,3.918461400415128582e-01,5.132372060261386482e-02
6.156156156156156189e-01,4.363456059203041915e-01,3.479110316271294412e-02
6.166166166166165974e-01,4.808247034787084817e-01,1.781296776228097345e-02
6.176176176176175758e-01,5.234988675538176928e-01,2.146685077502707983e-03
6.186186186186186653e-01,5.711513930666651806e-01,-1.901774671359346414e-02
6.196196196196196437e-01,5.860826103131836495e-01,-8.006850812812715823e-03
6.206206206206206222e-01,6.279726702256704929e-01,-2.452643116224528796e-02
6.216216216216216006e-01,6.496310001546586887e-01,-2.141100285901853528e-02
6.226226226226225791e-01,6.772547226488229155e-01,-2.488218612703252397e-02
6.236236236236236685e-01,6.960504445327295731e-01,-2.017047117004955314e-02
6.246246246246246470e-01,7.190066196152097300e-01,-2.028755726284248162e-02
6.256256256256256254e-01,7.153362617592545769e-01,5.530957165329364322e-03
6.266266266266266038e-01,7.483275644542612959e-01,-6.025022708654126369e-03
6.276276276276275823e-01,7.907726201348524997e-01,-2.776878576332597603e-02
6.286286286286286717e-01,8.184152200387343479e-01,-3.546459383027067425e-02
6.296296296296296502e-01,8.313397013468679653e-01,-2.921650859182456372e-02
6.306306306306306286e-01,8.362150587844305871e-01,-1.571248367734434659e-02
6.316316316316316071e-01,8.519060592554865696e-01,-1.383546055026008137e-02
6.326326326326325855e-01,8.672028145678920552e-01,-1.239292326096697039e-02
6.336336336336336750e-01,8.814563075486108179e-01,-1.075240738348304248e-02
6.346346346346346534e-01,8.848925238189074838e-01,8.443845776213709797e-04
6.356356356356356319e-01,8.891962948764400299e-01,1.069775564687702740e-02
6.366366366366366103e-01,8.787194681950851738e-01,3.444185897789786566e-02
6.376376376376375887e-01,9.011196221446517995e-01,2.440599677702537385e-02
6.386386386386386782e-01,9.326743689090851719e-01,4.300330358352866256e-03
6.396396396396396566e-01,9.612800527127027816e-01,-1.378280599227355019e-02
6.406406406406406351e-01,9.703049059605488580e-01,-1.322204996227793750e-02
6.416416416416416135e-01,9.991913982367365277e-01,-3.346934992138217435e-02
6.426426426426425920e-01,1.024824576390561459e+00,-5.141829563455935226e-02
6.436436436436436814e-01,1.030946699740998840e+00,-5.081874501882233108e-02
6.446446446446446599e-01,1.006528119135182475e+00,-2.064769568778701547e-02
6.456456456456456383e-01,1.008105715668487168e+00,-1.744771709905545976e-02
6.466466466466466168e-01,1.020387020257614630e+00,-2.593106450233717553e-02
6.476476476476475952e-01,1.019338453906923458e+00,-2.206791453409095993e-02
6.486486486486486847e-01,1.007726970192607929e+00,-8.628003987926513574e-03
6.496496496496496631e-01,1.022101316934512782e+00,-2.216188873421909289e-02
6.506506506506506415e-01,1.015493503968510236e+00,-1.570240970458403051e-02
6.516516516516516200e-01,9.829238846371282090e-01,1.573022643932830977e-02
6.526526526526525984e-01,9.960499046825675995e-01,4.796982677693906183e-04
6.536536536536536879e-01,1.000036408630998519e+00,-6.616737913187731301e-03
6.546546546546546663e-01,9.975471030558628049e-01,-8.219713402369377420e-03
6.556556556556556448e-01,9.894771375840565319e-01,-5.220331150687762545e-03
6.566566566566566232e-01,9.751355887025801028e-01,3.077346430628846718e-03
6.576576576576576016e-01,9.484327184335877847e-01,2.276903383678940962e-02
6.586586586586586911e-01,9.348869068957529338e-01,2.834328399815921884e-02
6.596596596596596696e-01,9.091453044492783242e-01,4.516082927947040471e-02
6.606606606606606480e-01,8.877220048575817923e-01,5.671640052324744552e-02
6.616616616616616264e-01,8.523558631700824950e-01,8.128090044076463627e-02
6.626626626626626049e-01,8.485661854639953150e-01,7.334570422123143363e-02
6.636636636636636943e-01,8.445676007293165810e-01,6.470777708457131627e-02
6.646646646646646728e-01,8.351271851019980152e-01,6.061253858325743593e-02
6.656656656656656512e-01,8.126032169702097629e-01,6.871509513959805915e-02
6.666666666666666297e-01,8.136161016299567894e-01,5.240930215448347251e-02
6.676676676676676081e-01,8.246441514862615785e-01,2.523196970442542764e-02
6.686686686686686976e-01,7.797889209912218789e-01,5.309751264955109296e-02
6.696696696696696760e-01,7.635115849650842001e-01,5.156155652117833110e-02
6.706706706706706544e-01,7.407882374410624804e-01,5.566562206386782563e-02
6.716716716716716329e-01,7.079888399232181495e-01,6.905815955907257386e-02
6.726726726726726113e-01,6.632894291692587041e-01,9.358232283573408861e-02
6.736736736736737008e-01,6.333769237987457723e-01,1.025711436853573577e-01
6.746746746746746792e-01,6.338895921748139983e-01,8.040704425220768226e-02
6.756756756756756577e-01,6.302612754884945323e-01,6.167759348905355044e-02
6.766766766766766361e-01,5.851703013107439899e-01,8.372657243359593604e-02
6.776776776776777256e-01,5.846563038223444586e-01,6.053713211634781377e-02
6.786786786786787040e-01,5.962680226354715174e-01,2.458397220777208680e-02
6.796796796796796825e-01,5.910909842510018164e-01,4.805636382897104930e-03
6.806806806806806609e-01,5.690571510591948545e-01,1.294839518709012260e-03
6.816816816816816393e-01,5.647555870614638929e-01,-2.051222242988404165e-02
6.826826826826827288e-01,5.461568936155771770e-01,-2.856033315369965742e-02
6.836836836836837072e-01,5.377165674215372837e-01,-4.727863950511640434e-02
6.846846846846846857e-01,4.980675267714850807e-01,-3.527320380418436097e-02
6.856856856856856641e-01,4.266579271175690580e-01,8.035154036826475110e-03
6.866866866866866426e-01,4.231774213170028665e-01,-1.701543076252914899e-02
6.876876876876877320e-01,3.826691576868352929e-01,-5.439893384065974669e-03
6.886886886886887105e-01,3.572183823128753377e-01,-9.294869618590662075e-03
6.896896896896896889e-01,3.587500103278766783e-01,-4.047629543556585663e-02
6.906906906906906674e-01,3.323869607934203940e-01,-4.407777052119826733e-02
6.916916916916916458e-01,3.133497287409439669e-01,-5.529015931209196877e-02
6.926926926926927353e-01,2.735966957274528766e-01,-4.604193085137070485e-02
6.936936936936937137e-01,2.036754878388365442e-01,-6.850546371129861978e-03
6.946946946946946921e-01,1.716263118729423609e-01,-5.725825304229742452e-03
6.956956956956956706e-01,1.544973036237001496e-01,-1.968532361711516909e-02
6.966966966966966490e-01,9.899266520147892434e-02,4.597498630762641980e-03
6.976976976976977385e-01,3.862762354493048250e-02,3.363828837565675106e-02
6.986986986986987169e-01,-7.712892835997978147e-04,4.164148872431311377e-02
6.996996996996996954e-01,-1.472506496838878881e-02,2.415913719428523787e-02
7.007007007007006738e-01,-6.134062587093833813e-02,3.932924194471197621e-02
7.017017017017016522e-01,-1.165498950379609544e-01,6.311482104490623302e-02
7.027027027027027417e-01,-1.504619431408149022e-01,6.565601866530637598e-02
7.037037037037037202e-01,-1.555423061693665121e-01,3.944939204413491773e-02
7.047047047047046986e-01,-1.796634716220528727e-01,3.239836700191184304e-02
7.057057057057056770e-01,-1.825591804862334855e-01,4.267509328259144752e-03
7.067067067067066555e-01,-1.954152809990647444e-01,-1.372665193849953447e-02
7.077077077077077449e-01,-2.204639672331292766e-01,-1.932141626460562311e-02
7.087087087087087234e-01,-2.270416699540576400e-01,-4.315005092972537537e-02
7.097097097097097018e-01,-2.518307753209676481e-01,-4.850010229078227653e-02
7.107107107107106803e-01,-3.060860837108911325e-01,-2.408696668994364520e-02
7.117117117117116587e-01,-3.119494701733179221e-01,-4.773925947121443469e-02
7.127127127127127482e-01,-3.669174589197088943e-01,-2.193126967168046448e-02
7.137137137137137266e-01,-4.058256684898026156e-01,-1.179854371666477775e-02
7.147147147147147050e-01,-4.005383658530877744e-01,-4.544835983198730611e-02
7.157157157157156835e-01,-4.270947319451814383e-01,-4.681349064525952564e-02
7.167167167167166619e-01,-4.613090102686141503e-01,-4.005208231898826909e-02
7.177177177177177514e-01,-5.075365266138708309e-01,-2.078166213218191061e-02
7.187187187187187298e-01,-5.335984498828255651e-01,-2.115440450129157934e-02
7.197197197197197083e-01,-5.698358677583866827e-01,-1.080308167021770682e-02
7.207207207207206867e-01,-5.945175444636507933e-01,-1.143333179989503012e-02
7.217217217217216652e-01,-6.359830480492137950e-01,5.319443006657320616e-03
7.227227227227227546e-01,-6.685696282316071493e-01,1.381692979187132408e-02
7.237237237237237331e-01,-6.998744424585272572e-01,2.168010664386121888e-02
7.247247247247247115e-01,-7.363697999178268061e-01,3.540446315023071389e-02
7.257257257257256899e-01,-7.822128618185539839e-01,5.916967775704706778e-02
7.267267267267266684e-01,-8.252139465481370673e-01,8.080790065971898972e-02
7.277277277277277578e-01,-8.356512401368756393e-01,7.061844267898531591e-02
7.287287287287287363e-01,-8.371441040615283935e-01,5.224106217512447525e-02
7.297297297297297147e-01,-8.459156858350675989e-01,4.191855546812839339e-02
7.307307307307306932e-01,-8.570580468898046922e-01,3.476186529099745126e-02
7.317317317317316716e-01,-8.773327407978260828e-01,3.755064033928734446e-02
7.327327327327327611e-01,-8.961556411326405680e-01,3.971804523929456376e-02
7.337337337337337395e-01,-9.095423231007706555e-01,3.729612508128499204e-02
7.347347347347347180e-01,-8.842783489545107400e-01,-2.913925454091970124e-03
7.357357357357356964e-01,-9.332350688520578696e-01,3.197402330611343046e-02
7.367367367367367859e-01,-9.349108837178485842e-01,2.047228427268232842e-02
7.377377377377377643e-01,-9.670804241194274065e-01,4.036851871414248727e-02
7.387387387387387427e-01,-9.724866571761883183e-01,3.441783028002309841e-02
7.397397397397397212e-01,-9.806116895605139216e-01,3.211355600071974514e-02
7.407407407407406996e-01,-9.993258085045439998e-01,4.133629618905543257e-02
7.417417417417417891e-01,-1.028521673475229603e+00,6.198809591718801304e-02
7.427427427427427675e-01,-1.007621614816606392e+00,3.349973437787023833e-02
7.437437437437437460e-01,-1.001649275927877225e+00,2.090235870783796468e-02
7.447447447447447244e-01,-1.015365847929530219e+00,2.896371123381569213e-02
7.457457457457457028e-01,-1.012038319422367660e+00,2.095637275334827354e-02
7.467467467467467923e-01,-1.012972214519520575e+00,1.819049503693526137e-02
7.477477477477477708e-01,-9.985571149086035492e-01,1.059318314103885328e-03
7.487487487487487492e-01,-1.017191185879295023e+00,1.796369368321570903e-02
7.497497497497497276e-01,-1.019705303009798891e+00,1.973620714205204241e-02
7.507507507507507061e-01,-1.010387064351651931e+00,1.066519008126320944e-02
7.517517517517517955e-01,-1.035794499532928903e+00,3.730842766240649588e-02
7.527527527527527740e-01,-1.017386216888615191e+00,2.112330619006064225e-02
7.537537537537537524e-01,-9.777208595593411822e-01,-1.533372958102641181e-02
7.547547547547547309e-01,-9.651621989752730002e-01,-2.370208078816282704e-02
7.557557557557557093e-01,-9.464905219031348738e-01,-3.720560427647567892e-02
7.567567567567567988e-01,-9.333120889353203609e-01,-4.424315001236589495e-02
7.577577577577577772e-01,-9.347365820543096504e-01,-3.571110846548775086e-02
7.587587587587587556e-01,-9.308865669320998126e-01,-3.149394230453361754e-02
7.597597597597597341e-01,-9.219211329158581991e-01,-3.144053946157154833e-02
7.607607607607607125e-01,-9.341104452140116532e-01,-9.289653057570568251e-03
7.617617617617618020e-01,-9.153212659794754957e-01,-1.718437150023222060e-02
7.627627627627627804e-01,-9.025761748797673789e-01,-1.811288817309530952e-02
7.637637637637637589e-01,-8.901400662175106282e-01,-1.782199366203573998e-02
7.647647647647647373e-01,-8.734509124872408270e-01,-2.088630064378727003e-02
7.657657657657657158e-01,-8.831938042570155467e-01,3.365808440584538985e-03
7.667667667667668052e-01,-8.751079596401605265e-01,1.065920418029486783e-02
7.677677677677677837e-01,-8.444974102606370714e-01,-3.717289652164890157e-03
7.687687687687687621e-01,-8.007425048622911490e-01,-3.039937745340293151e-02
7.697697697697697405e-01,-7.953972468718598643e-01,-1.784993835187442812e-02
7.707707707707707190e-01,-7.828036370580306880e-01,-1.174466685441533098e-02
7.717717717717718084e-01,-7.660258663202766938e-01,-9.037862559323817102e-03
7.727727727727727869e-01,-7.520715529993204918e-01,-2.741174561478154637e-03
7.737737737737737653e-01,-7.400796377941918358e-01,6.264312517463288543e-03
7.747747747747747438e-01,-7.196757251044171300e-01,7.583439673389702484e-03
7.757757757757757222e-01,-7.191527155657244652e-01,2.948762658745951448e-02
7.767767767767768117e-01,-7.102620558261126815e-01,4.370614264374161895e-02
7.777777777777777901e-01,-6.856990225071574185e-01,4.291141282061794460e-02
7.787787787787787686e-01,-6.692648810023168471e-01,5.088119908610011510e-02
7.797797797797797470e-01,-6.434766890668728312e-01,5.010842722924990777e-02
7.807807807807807254e-01,-5.912426146851113007e-01,2.347652859040250117e-02
7.817817817817818149e-01,-5.516472754365183695e-01,1.004480388832906801e-02
7.827827827827827933e-01,-5.179158051279129094e-01,3.012514887099748684e-03
7.837837837837837718e-01,-5.036664552568820286e-01,1.597151144324565619e-02
7.847847847847847502e-01,-4.758108800186758303e-01,1.580654262006159216e-02
7.857857857857857287e-01,-4.447208859986426788e-01,1.286203298534388528e-02
7.867867867867868181e-01,-4.051517746025545819e-01,1.865452118573751594e-03
7.877877877877877966e-01,-3.654704922213427576e-01,-8.844507702677084637e-03
7.887887887887887750e-01,-3.527375176125405742e-01,7.763983817947683885e-03
7.897897897897897534e-01,-3.164416739126852951e-01,1.150735337182351437e-03
7.907907907907907319e-01,-2.990656299931759854e-01,1.376906391912424699e-02
7.917917917917918214e-01,-2.652233596646210168e-01,1.020328326431058086e-02
7.927927927927927998e-01,-2.440228964740168704e-01,1.953148783644281794e-02
7.937937937937937782e-01,-1.813005367329289519e-01,-1.244021450397161943e-02
7.947947947947947567e-01,-1.619751582815289748e-01,-8.233538835663023470e-04
7.957957957957957351e-01,-1.418734644927443778e-01,1.017817565711831573e-02
7.967967967967968246e-01,-1.056997090305097781e-01,5.237871178341416134e-03
7.977977977977978030e-01,-8.879289167931200821e-02,1.966384708452555141e-02
7.987987987987987815e-01,-6.113393737840789460e-02,2.340604469969083390e-02
7.997997997997997599e-01,-4.166479087971139417e-02,3.537535756364225403e-02
8.008008008008007383e-01,-9.276694305836857835e-04,2.608291481995663949e-02
8.018018018018018278e-01,4.598179120930805108e-02,1.059325797448344708e-02
8.028028028028028062e-01,7.798909058304821784e-02,9.949817828010687482e-03
8.038038038038037847e-01,9.351867408202271803e-02,2.569713465415031373e-02
8.048048048048047631e-01,1.393234531218373873e-01,1.105136869209752404e-02
8.058058058058058526e-01,1.904293836190378286e-01,-9.044247746386541165e-03
8.068068068068068310e-01,2.363560867206050686e-01,-2.414000053809842172e-02
8.078078078078078095e-01,2.730981543940195211e-01,-3.026096901543162687e-02
8.088088088088087879e-01,2.726218348120235113e-01,5.963187964416194475e-04
8.098098098098097664e-01,3.041059105611206292e-01,-7.769620864961357398e-04
8.108108108108108558e-01,3.322811246057189027e-01,8.586701363384463548e-04
8.118118118118118343e-01,3.770369961291700767e-01,-1.441578234750479082e-02
8.128128128128128127e-01,4.239337831200059581e-01,-3.218973039960831839e-02
8.138138138138137911e-01,4.333559577336940083e-01,-1.287644446448077407e-02
8.148148148148147696e-01,4.683036061393620053e-01,-1.950442593890228116e-02
8.158158158158158590e-01,5.182712265540713181e-01,-4.159617710764446086e-02
8.168168168168168375e-01,5.393812213883755202e-01,-3.530166559704972506e-02
8.178178178178178159e-01,5.818718206380967262e-01,-5.088622050877655845e-02
8.188188188188187944e-01,6.022110509224549713e-01,-4.484447466081420419e-02
8.198198198198197728e-01,6.190310442709054950e-01,-3.583464706463468374e-02
8.208208208208208623e-01,6.349804462211198208e-01,-2.653092522690359001e-02
8.218218218218218407e-01,6.630120244475999902e-01,-2.991104852077797194e-02
8.228228228228228192e-01,6.639691066647892548e-01,-6.842721395601158996e-03
8.238238238238237976e-01,6.723824823861376254e-01,8.119508969113287122e-03
8.248248248248247760e-01,6.741809873382190732e-01,2.902369174246233197e-02
8.258258258258258655e-01,7.100623778931708374e-01,1.514962086722781986e-02
8.268268268268268439e-01,7.410943855734144492e-01,5.407802754637924814e-03
8.278278278278278224e-01,7.908713771227423583e-01,-2.381718226714424347e-02
8.288288288288288008e-01,8.214111968871308234e-01,-3.456350151554232752e-02
8.298298298298297793e-01,8.349965133834345021e-01,-2.913339642576773247e-02
8.308308308308308687e-01,8.574683961244540242e-01,-3.338674002108876770e-02
8.318318318318318472e-01,8.925544463541538187e-01,-5.106914905410364636e-02
8.328328328328328256e-01,9.093700817559980942e-01,-5.131325090031135794e-02
8.338338338338338041e-01,9.079775235935755306e-01,-3.419765368084848323e-02
8.348348348348347825e-01,9.152484350603499186e-01,-2.660956840799444389e-02
8.358358358358358720e-01,9.312467457127053816e-01,-2.862761804367086604e-02
8.368368368368368504e-01,9.339645117964677778e-01,-1.825768329629884335e-02
8.378378378378378288e-01,9.452971889399662819e-01,-1.740816164345770911e-02
8.388388388388388073e-01,9.554050820189764481e-01,-1.625140439920980118e-02
8.398398398398397857e-01,9.676283665273096579e-01,-1.813872617249667751e-02
8.408408408408408752e-01,9.863959550082989081e-01,-2.750926028364897302e-02
8.418418418418418536e-01,9.809273068721169331e-01,-1.359175847482696486e-02
8.428428428428428321e-01,1.009091290228665505e+00,-3.426344355413180054e-02
8.438438438438438105e-01,1.033580593258532243e+00,-5.222441250497344978e-02
8.448448448448447889e-01,1.038370548574113039e+00,-5.145645352095329361e-02
8.458458458458458784e-01,1.032579565293038515e+00,-4.108347169565373935e-02
8.468468468468468568e-01,1.040566622967662225e+00,-4.546897751739631399e-02
8.478478478478478353e-01,1.025979470579108765e+00,-2.826428138284742264e-02
8.488488488488488137e-01,1.010448362505109277e+00,-1.110222604312838257e-02
8.498498498498497922e-01,1.001960821864764206e+00,-1.971947389050154875e-03
8.508508508508508816e-01,9.615204294378294492e-01,3.812233822440047604e-02
8.518518518518518601e-01,9.391042226743022692e-01,5.920393559696601748e-02
8.528528528528528385e-01,9.435219320066410287e-01,5.246443403246359161e-02
8.538538538538538170e-01,9.302533774378179965e-01,6.242630944570237705e-02
8.548548548548547954e-01,9.064690033584448248e-01,8.192238727502842988e-02
8.558558558558558849e-01,8.961548241654058167e-01,8.697089363029852915e-02
8.568568568568568633e-01,8.741824469271799458e-01,1.027054284343130730e-01
8.578578578578578417e-01,8.631702233210947206e-01,1.065138083365929633e-01
8.588588588588588202e-01,8.512464716607686110e-01,1.102748385863573377e-01
8.598598598598597986e-01,8.469709520994760377e-01,1.054368307849763431e-01
8.608608608608608881e-01,8.609311509069695889e-01,8.142131062734936364e-02
8.618618618618618665e-01,8.505732737982375502e-01,8.079201566161753334e-02
8.628628628628628450e-01,8.409142980795327738e-01,7.854283331067279939e-02
8.638638638638638234e-01,8.416275146315290723e-01,6.501224814536110674e-02
8.648648648648649129e-01,8.440237404435744217e-01,4.890211770599406371e-02
8.658658658658658913e-01,8.259349486583117406e-01,5.239402992445763019e-02
8.668668668668668698e-01,8.146897834248961745e-01,4.817377486103469053e-02
8.678678678678678482e-01,8.179528361492671706e-01,2.859205418079391325e-02
8.688688688688688266e-01,8.057000979077679759e-01,2.368901361731612365e-02
8.698698698698699161e-01,8.111622931962280125e-01,2.508932666379637411e-04
8.708708708708708945e-01,8.156237156880064010e-01,-2.298882494632048523e-02
8.718718718718718730e-01,7.995567788889794691e-01,-2.648398550026176412e-02
8.728728728728728514e-01,7.787873134971013966e-01,-2.604107499914565249e-02
8.738738738738738299e-01,7.486074252687933139e-01,-1.693209916711291285e-02
8.748748748748749193e-01,7.446199986604182808e-01,-3.473910636598909196e-02
8.758758758758758978e-01,6.963542595621512454e-01,-8.969770933041854022e-03
8.768768768768768762e-01,6.662472805642158935e-01,-2.038919758601598353e-03
8.778778778778778547e-01,6.289227686588515498e-01,1.145265801417583162e-02
8.788788788788788331e-01,5.995121099046920587e-01,1.639714366249023225e-02
8.798798798798799226e-01,5.455400137625987522e-01,4.529402124336034952e-02
8.808808808808809010e-01,5.415626417620245103e-01,2.361192500336772859e-02
8.818818818818818794e-01,4.946330225535205960e-01,4.432319980669652271e-02
8.828828828828828579e-01,4.692702393803658278e-01,4.293468857275040129e-02
8.838838838838838363e-01,4.360626966734497123e-01,4.888444004404135512e-02
8.848848848848849258e-01,4.035177030112653274e-01,5.369209966781218757e-02
8.858858858858859042e-01,3.748922597820935620e-01,5.412809428023263036e-02
8.868868868868868827e-01,3.666903264128782980e-01,3.371633975492671631e-02
8.878878878878878611e-01,3.343390047451406111e-01,3.705802906243005346e-02
8.888888888888888395e-01,3.135564682742126852e-01,2.846367505146002452e-02
8.898898898898899290e-01,2.782551894061653930e-01,3.404985482532280061e-02
8.908908908908909074e-01,2.399762219003680475e-01,4.230489857360381079e-02
8.918918918918918859e-01,2.223303614464632039e-01,2.964769993866359088e-02
8.928928928928928643e-01,2.142765454588401453e-01,7.149286862722092906e-03
8.938938938938938428e-01,1.754347650617764653e-01,1.521987997128920744e-02
8.948948948948949322e-01,1.333571253836392245e-01,2.633780240390931615e-02
8.958958958958959107e-01,1.427994859068783262e-01,-1.422219062500906794e-02
8.968968968968968891e-01,1.027547918502413338e-01,-5.422273481936606965e-03
8.978978978978978676e-01,5.472695251700279012e-02,1.126454110962132188e-02
8.988988988988988460e-01,5.568727200577860970e-02,-2.110205919395972268e-02
8.998998998998999355e-01,2.868631300946811180e-02,-2.554158080173222004e-02
9.009009009009009139e-01,-2.930468528773443743e-02,1.005827204617382870e-03
9.019019019019018923e-01,-6.750674534449174757e-02,7.792280461284405157e-03
9.029029029029028708e-01,-9.467374636986583547e-02,3.602723683225519946e-03
9.039039039039038492e-01,-1.180750074762533380e-01,-4.262516902201876623e-03
9.049049049049049387e-01,-1.711727118637093037e-01,1.768965996749299885e-02
9.059059059059059171e-01,-1.693202726573910522e-01,-1.515653414609985372e-02
9.069069069069068956e-01,-2.121480923015067743e-01,-3.140048443580623072e-03
9.079079079079078740e-01,-2.545824218668246153e-01,8.695836112975252608e-03
9.089089089089088525e-01,-2.714361529121077643e-01,-4.805731466964280330e-03
9.099099099099099419e-01,-2.847082982112534855e-01,-2.161572139552958571e-02
9.109109109109109204e-01,-3.316367965329604650e-01,-4.466448009253776164e-03
9.119119119119118988e-01,-3.749782112847300231e-01,9.428099459510896896e-03
9.129129129129128772e-01,-3.949410733499929549e-01,3.055706005534175596e-04
9.139139139139138557e-01,-4.450116959855303644e-01,2.168103992899855781e-02
9.149149149149149451e-01,-4.914822842337102649e-01,3.987508785681598278e-02
9.159159159159159236e-01,-5.123872694738981215e-01,3.295010718509044922e-02
9.169169169169169020e-01,-5.353931106113505312e-01,2.860007664307828712e-02
9.179179179179178805e-01,-5.582945581407515734e-01,2.464679773863076573e-02
9.189189189189188589e-01,-5.787771814291889916e-01,1.880239529159632994e-02
9.199199199199199484e-01,-6.128026391501585346e-01,2.705456160832020451e-02
9.209209209209209268e-01,-6.368562159697080949e-01,2.591406742428459253e-02
9.219219219219219053e-01,-6.471733424896352060e-01,1.164125664525172965e-02
9.229229229229228837e-01,-6.635069056705349411e-01,4.013332134640723581e-03
9.239239239239238621e-01,-6.630570393964841935e-01,-1.974587776670211348e-02
9.249249249249249516e-01,-6.858850051729000752e-01,-1.955206197305181526e-02
9.259259259259259300e-01,-6.857801269113203979e-01,-4.159351466172855893e-02
9.269269269269269085e-01,-7.126095587555582034e-01,-3.598138957943164407e-02
9.279279279279278869e-01,-7.315733685408952747e-01,-3.749463803341979151e-02
9.289289289289288654e-01,-7.474971945147472763e-01,-4.128737291788153740e-02
9.299299299299299548e-01,-7.523578181349442895e-01,-5.536331593886334446e-02
9.309309309309309333e-01,-7.359444524480215355e-01,-8.991452851552150793e-02
9.319319319319319117e-01,-7.617860583215307901e-01,-8.139411406469065913e-02
9.329329329329328901e-01,-7.891938309426238529e-01,-7.047374923811977609e-02
9.339339339339339796e-01,-8.195119282366517544e-01,-5.579297244116065979e-02
9.349349349349349581e-01,-8.320540334581087993e-01,-5.802263736379753567e-02
9.359359359359359365e-01,-8.662291444039554866e-01,-3.773913905806036695e-02
9.369369369369369149e-01,-9.050804851056114542e-01,-1.188551669040105452e-02
9.379379379379378934e-01,-8.928005021030367416e-01,-3.625647085132466252e-02
9.389389389389389828e-01,-9.351861292625786026e-01,-5.043111447179837725e-03
9.399399399399399613e-01,-9.680400904900453574e-01,1.756833318993367143e-02
9.409409409409409397e-01,-9.700300465832447649e-01,1.025565223005597826e-02
9.419419419419419182e-01,-9.636510565553996210e-01,-4.476896346718550745e-03
9.429429429429428966e-01,-9.698465803439600963e-01,-5.677592137877662815e-03
9.439439439439439861e-01,-9.412388833030709279e-01,-4.071685599443597425e-02
9.449449449449449645e-01,-9.571853244563904850e-01,-3.023096900039845547e-02
9.459459459459459429e-01,-9.728375417868497799e-01,-1.906289347202694273e-02
9.469469469469469214e-01,-9.691749750421072562e-01,-2.622875549190506472e-02
9.479479479479478998e-01,-9.476070904380494708e-01,-5.031562459019367495e-02
9.489489489489489893e-01,-9.474459331280137286e-01,-5.200896470105564884e-02
9.499499499499499677e-01,-9.554419773045891295e-01,-4.455678652400829609e-02
9.509509509509509462e-01,-9.602105364225437256e-01,-3.934323879922019263e-02
9.519519519519519246e-01,-9.602856012105049910e-01,-3.783477082764152843e-02
9.529529529529529031e-01,-9.436090863429291709e-01,-5.209088536390860114e-02
9.539539539539539925e-01,-9.465415687136620182e-01,-4.575339894115160178e-02
9.549549549549549710e-01,-9.342349703367819336e-01,-5.367375660339623877e-02
9.559559559559559494e-01,-9.226089058323458936e-01,-5.993668109028227331e-02
9.569569569569569278e-01,-9.117721295583341989e-01,-6.443872141609618964e-02
9.579579579579579063e-01,-9.167550806686380893e-01,-5.215570256751189682e-02
9.589589589589589957e-01,-8.904013015425389366e-01,-7.025130087978204152e-02
9.599599599599599742e-01,-9.119384010477824543e-01,-3.950607363539460071e-02
9.609609609609609526e-01,-9.229084962884203103e-01,-1.838700924108382928e-02
9.619619619619619311e-01,-9.176356709389446031e-01,-1.258005988965993360e-02
9.629629629629629095e-01,-8.936122949305075336e-01,-2.460381194976735131e-02
9.639639639639639990e-01,-8.822526096357390379e-01,-2.305588994685769944e-02
9.649649649649649774e-01,-8.864293204037422269e-01,-5.076352294542396670e-03
9.659659659659659559e-01,-8.836957023651366150e-01,6.874427131981497574e-03
9.669669669669669343e-01,-8.653964431066908380e-01,4.126615167459490863e-03
9.679679679679679127e-01,-8.286831437382209398e-01,-1.618356521759833910e-02
9.689689689689690022e-01,-7.873507563624705385e-01,-4.027738224026100600e-02
9.699699699699699806e-01,-7.664824358971001894e-01,-4.308872744364500296e-02
9.709709709709709591e-01,-7.644533623200341355e-01,-2.626027659505969503e-02
9.719719719719719375e-01,-7.367803883085369820e-01,-3.429382439018868745e-02
9.729729729729729160e-01,-7.070859572330867593e-01,-4.358634801963967575e-02
9.739739739739740054e-01,-6.666634459820722780e-01,-6.286464514011691485e-02
9.749749749749749839e-01,-6.274678060402717472e-01,-8.019467284623449377e-02
9.759759759759759623e-01,-6.240813924742680818e-01,-6.101569800951311962e-02
9.769769769769769407e-01,-6.155463463466593899e-01,-4.630789348321018295e-02
9.779779779779779192e-01,-5.989189864553959852e-01,-3.903792429771868466e-02
9.789789789789790087e-01,-5.850818919086290260e-01,-2.834684235803397456e-02
9.799799799799799871e-01,-5.666670008342755693e-01,-2.162696436652911114e-02
9.809809809809809655e-01,-5.452820108746672112e-01,-1.729544734377064241e-02
9.819819819819819440e-01,-5.245069798016384066e-01,-1.179766343574617515e-02
9.829829829829829224e-01,-5.145578689931171734e-01,5.056368709240532944e-03
9.839839839839840119e-01,-4.616141765522663309e-01,-2.058035724978313219e-02
9.849849849849849903e-01,-4.593047278527122579e-01,4.893981407834924191e-03
9.859859859859859688e-01,-4.347988999824962120e-01,8.621287610059646944e-03
9.869869869869869472e-01,-4.119522553597778636e-01,1.442920527586222246e-02
9.879879879879879256e-01,-3.765997009581099619e-01,8.124306147855919757e-03
9.889889889889890151e-01,-3.267994446922777296e-01,-1.226392580239643593e-02
9.899899899899899935e-01,-3.087407449252923541e-01,-5.753164635768914792e-04
9.909909909909909720e-01,-2.802625239631514886e-01,9.996406703196569765e-04
9.919919919919919504e-01,-2.532954803268483990e-01,4.361925859953486029e-03
9.929929929929930399e-01,-2.262341214816218082e-01,7.876055236975071372e-03
9.939939939939940183e-01,-1.900312542569401741e-01,2.464600881103756747e-03
9.949949949949949968e-01,-1.508403346303389958e-01,-5.749429498219466028e-03
9.959959959959959752e-01,-1.213419033835118899e-01,-4.116126796786440112e-03
9.969969969969969537e-01,-9.060113383595955194e-02,-3.601102491670490902e-03
9.979979979979980431e-01,-5.959674559460569065e-02,-3.256544449874471114e-03
9.989989989989990216e-01,-3.651652497577392853e-02,5.074334056653612146e-03
1.000000000000000000e+00,4.780134904362319526e-03,-4.780134904363544240e-03
